Agent,CurrentDate,Action,Response
Agent,CurrentDate,Action,Response
Agent,CurrentDate,Action,Response
Agent,CurrentDate,Action,Response
Agent,CurrentDate,Action,Response
Agent,CurrentDate,Action,Response
Agent,CurrentDate,Action,Response
Agent,CurrentDate,Action,Response
Agent,CurrentDate,Action,Response
Agent,CurrentDate,Action,Response
Agent,CurrentDate,Action,Response
Agent,CurrentDate,Action,Response
Agent,CurrentDate,Action,Response
Agent,CurrentDate,Action,Response
Agent,CurrentDate,Action,Response
